1|APOLLO JET B
2|BURSZTYN KF-03
3|DATECS DP-25 SEMI E.KO
4|DATECS MALUCH E.KO
5|ECR 4100
6|ELCOM EURO 50TE MINI
7|ELEMIS MEGA PLUS
8|ELEMIS MIKRO SUPER
9|EMAR PRINTO 57T|EMAR-SAMORAJ I SPÓŁKA S.J. , KOPYTÓW 26 ; 05-870 BŁONIE
10|EMAR PRINTO 57TE|EMAR-SAMORAJ I SPÓŁKA S.J. , KOPYTÓW 26 ; 05-870 BŁONIE
11|EMAR SOLO BIS|EMAR-SAMORAJ I SPÓŁKA S.J. , KOPYTÓW 26 ; 05-870 BŁONIE
12|EMAR TEMPO 3|EMAR-SAMORAJ I SPÓŁKA S.J. , KOPYTÓW 26 ; 05-870 BŁONIE
13|EMAR TEMPO PRO|EMAR-SAMORAJ I SPÓŁKA S.J. , KOPYTÓW 26 ; 05-870 BŁONIE
14|EPSON TM-T801FV
15|Innova DF-1 FV|INNOVA S.A. , ul. Sikorskiego 119, Klaudyn ; 05-080 Izabelin
16|Innova HIT Bella|INNOVA S.A. , ul. Sikorskiego 119, Klaudyn ; 05-080 Izabelin
17|Innova Presto|INNOVA S.A. , ul. Sikorskiego 119, Klaudyn ; 05-080 Izabelin
18|Innova Profit EJ|INNOVA S.A. , ul. Sikorskiego 119, Klaudyn ; 05-080 Izabelin
19|MERCURY130F
20|PERŁA KF-02
21|Posnet Bingo|POSNET POLSKA S.A. , ul. Municypalna 33 ; 02-281 Warszawa
22|Posnet Bingo HS|POSNET POLSKA S.A. , ul. Municypalna 33 ; 02-281 Warszawa
23|Posnet Bingo HS EJ|POSNET POLSKA S.A. , ul. Municypalna 33 ; 02-281 Warszawa
24|Posnet Bingo HS EU|POSNET POLSKA S.A. , ul. Municypalna 33 ; 02-281 Warszawa
25|Posnet Bingo HS Plus|POSNET POLSKA S.A. , ul. Municypalna 33 ; 02-281 Warszawa
26|Posnet Bingo HS Plus|POSNET POLSKA S.A. , ul. Municypalna 33 ; 02-281 Warszawa
27|Posnet Bingo HS STD|POSNET POLSKA S.A. , ul. Municypalna 33 ; 02-281 Warszawa
28|Posnet Bingo HS XL EJ|POSNET POLSKA S.A. , ul. Municypalna 33 ; 02-281 Warszawa
29|Posnet Bingo Plus|POSNET POLSKA S.A. , ul. Municypalna 33 ; 02-281 Warszawa
30|Posnet Bingo XL|POSNET POLSKA S.A. , ul. Municypalna 33 ; 02-281 Warszawa
31|Posnet Combo|POSNET POLSKA S.A. , ul. Municypalna 33 ; 02-281 Warszawa
32|Posnet Ergo|POSNET POLSKA S.A. , ul. Municypalna 33 ; 02-281 Warszawa
33|Posnet Mobile|POSNET POLSKA S.A. , ul. Municypalna 33 ; 02-281 Warszawa
34|Posnet Mobile EU|POSNET POLSKA S.A. , ul. Municypalna 33 ; 02-281 Warszawa
35|Posnet Mobile HS EJ|POSNET POLSKA S.A. , ul. Municypalna 33 ; 02-281 Warszawa
36|Posnet Neo|POSNET POLSKA S.A. , ul. Municypalna 33 ; 02-281 Warszawa
37|Posnet Neo EJ|POSNET POLSKA S.A. , ul. Municypalna 33 ; 02-281 Warszawa
38|Posnet Neo EJ Plus|POSNET POLSKA S.A. , ul. Municypalna 33 ; 02-281 Warszawa
39|Posnet Neo EJ Standard|POSNET POLSKA S.A. , ul. Municypalna 33 ; 02-281 Warszawa
40|Posnet Neo Plus|POSNET POLSKA S.A. , ul. Municypalna 33 ; 02-281 Warszawa
41|Posnet Neo Plus|POSNET POLSKA S.A. , ul. Municypalna 33 ; 02-281 Warszawa
42|Posnet Neo XL EJ|POSNET POLSKA S.A. , ul. Municypalna 33 ; 02-281 Warszawa
43|Posnet Revo|POSNET POLSKA S.A. , ul. Municypalna 33 ; 02-281 Warszawa
44|Posnet Temo|POSNET POLSKA S.A. , ul. Municypalna 33 ; 02-281 Warszawa
45|Posnet Temo HS|POSNET POLSKA S.A. , ul. Municypalna 33 ; 02-281 Warszawa
46|Posnet Temo HS FV EJ|POSNET POLSKA S.A. , ul. Municypalna 33 ; 02-281 Warszawa
47|Posnet Thermal|POSNET POLSKA S.A. , ul. Municypalna 33 ; 02-281 Warszawa
48|Posnet Thermal 5V|POSNET POLSKA S.A. , ul. Municypalna 33 ; 02-281 Warszawa
49|Posnet Thermal FV|POSNET POLSKA S.A. , ul. Municypalna 33 ; 02-281 Warszawa
50|Posnet Thermal FV EJ|POSNET POLSKA S.A. , ul. Municypalna 33 ; 02-281 Warszawa
51|Posnet Thermal HD|POSNET POLSKA S.A. , ul. Municypalna 33 ; 02-281 Warszawa
52|Posnet Thermal HS EJ|POSNET POLSKA S.A. , ul. Municypalna 33 ; 02-281 Warszawa
53|Posnet Thermal HS FV EJ|POSNET POLSKA S.A. , ul. Municypalna 33 ; 02-281 Warszawa
54|Posnet Thermal XL|POSNET POLSKA S.A. , ul. Municypalna 33 ; 02-281 Warszawa
55|POSNET TRIO|POSNET POLSKA S.A. , ul. Municypalna 33 ; 02-281 Warszawa
56|TORELL DUO PRO|POSNET POLSKA S.A. , ul. Municypalna 33 ; 02-281 Warszawa
